<?xml version="1.0" encoding="UTF-8"?>
<project-private xmlns="http://www.netbeans.org/ns/project-private/1">
    <editor-bookmarks xmlns="http://www.netbeans.org/ns/editor-bookmarks/2" lastBookmarkId="1">
        <file>
            <url>src/pkg8/puzzle/ExpandeFilhos.java</url>
            <bookmark id="1">
                <name/>
                <line>202</line>
                <key/>
            </bookmark>
        </file>
    </editor-bookmarks>
    <open-files xmlns="http://www.netbeans.org/ns/projectui-open-files/2">
        <group>
            <file>file:/home/ns/Documentos/Estudos%20UTFPR/Trabalhos/IA/8-Puzzle/8-puzzle/src/pkg8/puzzle/Puzzle.java</file>
            <file>file:/home/ns/Documentos/Estudos%20UTFPR/Trabalhos/IA/8-Puzzle/8-puzzle/src/pkg8/puzzle/BuscaGulosa.java</file>
            <file>file:/home/ns/Documentos/Estudos%20UTFPR/Trabalhos/IA/8-Puzzle/8-puzzle/src/pkg8/puzzle/ExpandePuzzle.java</file>
        </group>
    </open-files>
</project-private>
